0.000103332,0.000371584,0
0.000005108,0.000202724,10
0.000010068,0.000003051,20
7.18e-7,0.000127404,30
2.32e-7,0.000002186,40
3.56e-7,9.28e-7,50
2.15e-7,7.27e-7,60
1.93e-7,7.12e-7,70
1.8e-7,7.59e-7,80
1.83e-7,7.43e-7,90
2.01e-7,7.79e-7,100
1.79e-7,8.3e-7,110
1.77e-7,7.99e-7,120
2.02e-7,8.75e-7,130
1.77e-7,8.31e-7,140
1.8e-7,8.99e-7,150
1.81e-7,8.65e-7,160
1.8e-7,9.25e-7,170
1.84e-7,9.05e-7,180
1.82e-7,9.24e-7,190
1.78e-7,9.98e-7,200
1.8e-7,9.55e-7,210
1.79e-7,0.000001001,220
1.79e-7,9.99e-7,230
2.07e-7,0.000001018,240
1.81e-7,0.000001039,250
1.78e-7,0.000001067,260
1.81e-7,0.00000106,270
1.78e-7,0.00000111,280
1.83e-7,0.000001121,290
1.79e-7,0.000001216,300
1.82e-7,0.000001135,310
1.79e-7,0.000001188,320
2.02e-7,0.000001165,330
2.02e-7,0.000001201,340
1.78e-7,0.000001199,350
1.78e-7,0.000001259,360
1.82e-7,0.000001316,370
1.79e-7,0.000001317,380
1.79e-7,0.000002153,390
1.8e-7,0.000001303,400
2.21e-7,0.000001343,410
1.83e-7,0.000001357,420
1.82e-7,0.000001398,430
2.02e-7,0.000001398,440
2.07e-7,0.000001421,450
2.04e-7,0.00000144,460
1.81e-7,0.000001466,470
1.78e-7,0.000001467,480
1.81e-7,0.00000145,490
1.83e-7,0.000001519,500
2.07e-7,0.000001513,510
1.8e-7,0.000001522,520
1.8e-7,0.000001557,530
1.82e-7,0.000001622,540
0.00000172,0.000001619,550
1.79e-7,0.000001631,560
1.8e-7,0.000001652,570
1.8e-7,0.000001627,580
1.81e-7,0.00000168,590
1.77e-7,0.000001686,600
1.78e-7,0.0000017,610
1.79e-7,0.000001758,620
1.82e-7,0.000001781,630
1.78e-7,0.000001744,640
0.00000363,0.0000018,650
2.07e-7,0.000001821,660
1.83e-7,0.00000182,670
1.84e-7,0.000001799,680
1.81e-7,0.000001872,690
0.00000179,0.000001851,700
1.84e-7,0.0000019,710
1.81e-7,0.000001903,720
1.81e-7,0.000001899,730
1.79e-7,0.000001918,740
1.79e-7,0.000001996,750
1.81e-7,0.000002003,760
1.8e-7,0.000001998,770
1.8e-7,0.00000198,780
1.8e-7,0.000002009,790
0.000001859,0.000002002,800
1.8e-7,0.000002056,810
1.8e-7,0.000002081,820
1.82e-7,0.000002128,830
1.81e-7,0.00000212,840
1.8e-7,0.000002103,850
1.81e-7,0.000002106,860
1.79e-7,0.000004851,870
1.8e-7,0.000002305,880
1.8e-7,0.00000219,890
1.8e-7,0.000018819,900
1.8e-7,0.000002187,910
1.8e-7,0.000002166,920
1.81e-7,0.000011106,930
1.81e-7,0.000002201,940
1.82e-7,0.000002125,950
1.79e-7,0.000002158,960
1.83e-7,0.000002175,970
1.81e-7,0.000002177,980
2.21e-7,0.000002226,990
1.81e-7,0.000002219,1000
1.8e-7,0.000002209,1010
1.81e-7,0.000002211,1020
1.8e-7,0.000002384,1030
1.81e-7,0.000002245,1040
1.82e-7,0.000002284,1050
1.81e-7,0.000002304,1060
1.82e-7,0.000002351,1070
2.18e-7,0.000002345,1080
1.81e-7,0.000002366,1090
1.83e-7,0.000002361,1100
1.78e-7,0.000002376,1110
1.83e-7,0.000002375,1120
1.79e-7,0.000002437,1130
1.8e-7,0.000002489,1140
1.8e-7,0.000004476,1150
1.78e-7,0.00000264,1160
1.85e-7,0.000002473,1170
6.83e-7,0.000002518,1180
2.37e-7,0.000002523,1190
2.13e-7,0.000002541,1200
2.01e-7,0.000002577,1210
1.96e-7,0.000002618,1220
2.03e-7,0.000002617,1230
2.02e-7,0.000002638,1240
2.02e-7,0.000002645,1250
2.15e-7,0.000002604,1260
2.14e-7,0.000002614,1270
1.99e-7,0.000002683,1280
2.04e-7,0.000002688,1290
0.000001361,0.000007867,1300
0.000034903,0.000181938,1310
2.59e-7,0.000003515,1320
2.01e-7,0.000002806,1330
2.67e-7,0.000002921,1340
2.06e-7,0.000002981,1350
3.14e-7,0.000002868,1360
2.04e-7,0.000002928,1370
2.03e-7,0.000002933,1380
2.3e-7,0.000002932,1390
2.94e-7,0.000002924,1400
2.09e-7,0.000002928,1410
2.44e-7,0.000002992,1420
2.31e-7,0.000002987,1430
2.69e-7,0.000002969,1440
2e-7,0.000003047,1450
2.24e-7,0.000003038,1460
2.03e-7,0.000003051,1470
1.68e-7,0.000003105,1480
2.1e-7,0.00000308,1490
2.64e-7,0.000003075,1500
1.67e-7,0.000003311,1510
2.03e-7,0.000003146,1520
2.2e-7,0.000003167,1530
1.68e-7,0.000083256,1540
2.05e-7,0.000003731,1550
2.06e-7,0.000003136,1560
2.13e-7,0.000003182,1570
2.06e-7,0.000003197,1580
4.13e-7,0.000003208,1590
2.28e-7,0.000003212,1600
2.09e-7,0.000003212,1610
1.75e-7,0.000003228,1620
2.01e-7,0.00000323,1630
1.98e-7,0.000003256,1640
2.01e-7,0.000003271,1650
2.02e-7,0.000003284,1660
2.21e-7,0.000003273,1670
2.14e-7,0.000003315,1680
2.05e-7,0.000003306,1690
1.98e-7,0.000003359,1700
2.14e-7,0.00000337,1710
2.04e-7,0.000003396,1720
2.48e-7,0.000003415,1730
1.71e-7,0.000003485,1740
1.66e-7,0.00000345,1750
1.7e-7,0.000003428,1760
1.67e-7,0.000003487,1770
1.65e-7,0.000003481,1780
1.71e-7,0.000003516,1790
1.69e-7,0.000003524,1800
1.68e-7,0.000003532,1810
1.91e-7,0.000003567,1820
1.69e-7,0.000003563,1830
1.68e-7,0.00000355,1840
1.77e-7,0.000003609,1850
1.68e-7,0.000003605,1860
1.66e-7,0.000003618,1870
1.73e-7,0.000003751,1880
1.68e-7,0.00000366,1890
1.67e-7,0.000003706,1900
1.68e-7,0.000003708,1910
1.68e-7,0.000003702,1920
1.68e-7,0.000003717,1930
1.68e-7,0.000003691,1940
1.67e-7,0.000003727,1950
0.000166872,0.00000375,1960
3.46e-7,0.000003787,1970
2.11e-7,0.000003833,1980
1.77e-7,0.000003836,1990
1.98e-7,0.000003832,2000
1.7e-7,0.000003844,2010
1.68e-7,0.000003908,2020
1.81e-7,0.000003867,2030
1.68e-7,0.000003867,2040
1.99e-7,0.00000392,2050
2.31e-7,0.000003973,2060
1.85e-7,0.00000399,2070
1.71e-7,0.000003945,2080
0.000001488,0.000004006,2090
1.72e-7,0.000003994,2100
1.69e-7,0.000004037,2110
1.72e-7,0.000004057,2120
1.69e-7,0.000004084,2130
1.81e-7,0.000004056,2140
1.81e-7,0.000004048,2150
1.68e-7,0.00000412,2160
1.86e-7,0.000004075,2170
1.68e-7,0.000004139,2180
1.81e-7,0.000004207,2190
1.9e-7,0.000004457,2200
1.69e-7,0.000004311,2210
1.8e-7,0.000004297,2220
1.97e-7,0.000004228,2230
1.8e-7,0.000004247,2240
1.98e-7,0.000004224,2250
1.83e-7,0.000004245,2260
1.68e-7,0.000004229,2270
1.69e-7,0.000004309,2280
1.7e-7,0.000004322,2290
1.8e-7,0.000004283,2300
1.79e-7,0.000004342,2310
1.69e-7,0.000004375,2320
1.72e-7,0.000004401,2330
4.35e-7,0.000004394,2340
9.6e-8,0.000004396,2350
1.3e-7,0.000004451,2360
8e-8,0.000004441,2370
8.1e-8,0.000004495,2380
8.1e-8,0.000004485,2390
8e-8,0.000004465,2400
8e-8,0.000004466,2410
8.1e-8,0.000004502,2420
1.32e-7,0.000004528,2430
7.8e-8,0.000004551,2440
1.27e-7,0.000004567,2450
8e-8,0.000004719,2460
8.2e-8,0.000004645,2470
8e-8,0.000004629,2480
8.2e-8,0.000004633,2490
8.1e-8,0.000004623,2500
8e-8,0.000004651,2510
8.1e-8,0.000004674,2520
8e-8,0.000004728,2530
1.28e-7,0.000004741,2540
1.03e-7,0.000004736,2550
7.9e-8,0.000004713,2560
7.7e-8,0.000004802,2570
8.1e-8,0.000004745,2580
8e-8,0.000004845,2590
8e-8,0.000004784,2600
7.9e-8,0.000006484,2610
8e-8,0.000005059,2620
8.9e-8,0.00000493,2630
1e-7,0.000004896,2640
8.1e-8,0.000004926,2650
7.9e-8,0.000004956,2660
8.1e-8,0.000004906,2670
7.6e-8,0.000004932,2680
7.8e-8,0.000004957,2690
8.1e-8,0.000004989,2700
8.1e-8,0.00000512,2710
7.8e-8,0.000005007,2720
8.1e-8,0.000005048,2730
8.1e-8,0.000005008,2740
8e-8,0.00000508,2750
1.43e-7,0.000005099,2760
1.4e-7,0.00000511,2770
8e-8,0.000005134,2780
8e-8,0.000005103,2790
8.6e-8,0.000007119,2800
8.8e-8,0.00000539,2810
8.1e-8,0.000005171,2820
1.33e-7,0.000005199,2830
8.2e-8,0.000005227,2840
8.2e-8,0.000005234,2850
8.5e-8,0.000005266,2860
8e-8,0.000005254,2870
1.29e-7,0.000005286,2880
8e-8,0.0000053,2890
8e-8,0.000005308,2900
1.38e-7,0.000005362,2910
8.1e-8,0.000005403,2920
8.1e-8,0.000005392,2930
7.9e-8,0.000005493,2940
7.6e-8,0.000005429,2950
1.31e-7,0.000005442,2960
1e-7,0.000005455,2970
8e-8,0.000005469,2980
8.1e-8,0.000005487,2990
8.2e-8,0.000005509,3000
8e-8,0.000005512,3010
8.1e-8,0.00000553,3020
8.2e-8,0.000005565,3030
1.42e-7,0.00000556,3040
1.31e-7,0.000005556,3050
8e-8,0.000005599,3060
8.1e-8,0.000005609,3070
8.2e-8,0.000005669,3080
8.8e-8,0.000005618,3090
1.29e-7,0.000005672,3100
8e-8,0.000005663,3110
1.32e-7,0.000005741,3120
8.1e-8,0.000005807,3130
8.4e-8,0.000005777,3140
8.1e-8,0.000005725,3150
8e-8,0.000005771,3160
8.1e-8,0.000005755,3170
8.4e-8,0.000005773,3180
8.1e-8,0.000005832,3190
8e-8,0.000005784,3200
1.42e-7,0.000005851,3210
8e-8,0.000005815,3220
8.1e-8,0.000005901,3230
2.42e-7,0.00000588,3240
8.2e-8,0.000005925,3250
8.2e-8,0.000005928,3260
8.1e-8,0.00000594,3270
8e-8,0.000005972,3280
1.29e-7,0.000005937,3290
8.1e-8,0.00000602,3300
8.1e-8,0.000006012,3310
8e-8,0.00000602,3320
8e-8,0.000006077,3330
8.1e-8,0.000006055,3340
8.9e-8,0.000006155,3350
8.6e-8,0.000006058,3360
8.1e-8,0.000006119,3370
8.1e-8,0.00000611,3380
1e-7,0.000006132,3390
8.4e-8,0.000006173,3400
8.3e-8,0.000006166,3410
8.1e-8,0.000006162,3420
8.2e-8,0.000006194,3430
8.1e-8,0.000006243,3440
1.41e-7,0.000006241,3450
8.1e-8,0.000006243,3460
8.8e-8,0.000006292,3470
8.3e-8,0.000006283,3480
8.4e-8,0.000006319,3490
8.3e-8,0.000006387,3500
3.78e-7,0.000006332,3510
1.41e-7,0.000006324,3520
8.4e-8,0.000006379,3530
8.1e-8,0.000006404,3540
8.2e-8,0.00000642,3550
8.2e-8,0.000006455,3560
8.4e-8,0.00000646,3570
8.1e-8,0.000006443,3580
8.2e-8,0.000006449,3590
8.2e-8,0.000006509,3600
8.2e-8,0.000006513,3610
1.31e-7,0.000006498,3620
8.1e-8,0.00000655,3630
8e-8,0.000006576,3640
8.2e-8,0.000006533,3650
1e-7,0.000006611,3660
1.26e-7,0.000006594,3670
1.3e-7,0.000006609,3680
8.1e-8,0.000006628,3690
8.3e-8,0.000006656,3700
8.4e-8,0.000006699,3710
8.1e-8,0.000006757,3720
8.1e-8,0.000006723,3730
8.5e-8,0.000006697,3740
8.5e-8,0.000006735,3750
8.2e-8,0.00000671,3760
1.42e-7,0.000006818,3770
8.1e-8,0.00000674,3780
8.2e-8,0.000006857,3790
8.1e-8,0.000006805,3800
8.1e-8,0.000006838,3810
8.6e-8,0.000006888,3820
8.4e-8,0.000006863,3830
7.9e-8,0.000007006,3840
8.2e-8,0.000006913,3850
8.4e-8,0.000006864,3860
8.2e-8,0.000006932,3870
9.1e-8,0.000006965,3880
8.1e-8,0.000006995,3890
8.3e-8,0.000006983,3900
0.000010786,0.00000697,3910
8.4e-8,0.0000086,3920
1.94e-7,0.000402928,3930
8.2e-8,0.000008197,3940
8.3e-8,0.000007856,3950
8.8e-8,0.000008322,3960
0.000010484,0.000009462,3970
9.6e-8,0.000007797,3980
8.4e-8,0.000007656,3990
8.4e-8,0.000008647,4000
1.94e-7,0.000010307,4010
8.3e-8,0.000007782,4020
8.4e-8,0.00000786,4030
8.3e-8,0.00000794,4040
8.5e-8,0.000007753,4050
8.7e-8,0.000007816,4060
8.7e-8,0.000007962,4070
8.5e-8,0.000007884,4080
8.5e-8,0.000007881,4090
8.7e-8,0.000009558,4100
8.5e-8,0.0000318,4110
8.5e-8,0.000013309,4120
8.5e-8,0.00001059,4130
8.5e-8,0.000124812,4140
9.6e-8,0.000011363,4150
8.3e-8,0.000007884,4160
2.27e-7,0.000008697,4170
1.61e-7,0.000007647,4180
1.25e-7,0.000007701,4190
1.32e-7,0.000007707,4200
1.21e-7,0.0000078,4210
1.56e-7,0.00000774,4220
1.3e-7,0.000007671,4230
8.6e-8,0.000007657,4240
8.4e-8,0.000007773,4250
8.9e-8,0.00000775,4260
1.31e-7,0.000007841,4270
8.4e-8,0.000007825,4280
8.6e-8,0.000007811,4290
1.41e-7,0.000007822,4300
0.000007215,0.000007826,4310
1.09e-7,0.000007887,4320
8.5e-8,0.000007907,4330
8.3e-8,0.000007886,4340
9.6e-8,0.000007922,4350
1.65e-7,0.000007938,4360
8.6e-8,0.000008203,4370
8.4e-8,0.00000816,4380
8.6e-8,0.000008257,4390
9e-8,0.000008176,4400
1.2e-7,0.000008081,4410
8.1e-8,0.000008109,4420
1.44e-7,0.000008125,4430
8.5e-8,0.000008059,4440
8.2e-8,0.000008105,4450
1.44e-7,0.000008173,4460
8.5e-8,0.000008357,4470
8.6e-8,0.000008327,4480
8.4e-8,0.000008324,4490
8.2e-8,0.000008265,4500
8.2e-8,0.00000822,4510
1.41e-7,0.000008255,4520
8.5e-8,0.000008274,4530
1.33e-7,0.000008414,4540
8.9e-8,0.000008432,4550
8.2e-8,0.00000846,4560
8.3e-8,0.000008331,4570
8.2e-8,0.000008319,4580
8.8e-8,0.000008322,4590
8.5e-8,0.000008351,4600
1.06e-7,0.00000854,4610
1.55e-7,0.000008575,4620
8.9e-8,0.000008451,4630
8.5e-8,0.000008469,4640
8.2e-8,0.000008482,4650
8.8e-8,0.000008614,4660
8.3e-8,0.000008652,4670
8.2e-8,0.000008494,4680
8.8e-8,0.000008577,4690
8.2e-8,0.000008577,4700
8.6e-8,0.000008684,4710
1.04e-7,0.000008764,4720
1.51e-7,0.000008608,4730
8.6e-8,0.000008633,4740
8.5e-8,0.000008697,4750
9.7e-8,0.000008843,4760
9.8e-8,0.000008688,4770
8.5e-8,0.00000875,4780
8.4e-8,0.000008819,4790
0.000001228,0.000008944,4800
2.34e-7,0.000008772,4810
1.17e-7,0.000008805,4820
8.8e-8,0.0000089,4830
8.7e-8,0.00000895,4840
1e-7,0.000008839,4850
8.9e-8,0.000008975,4860
1.34e-7,0.000008983,4870
1e-7,0.000008833,4880
8.5e-8,0.000008898,4890
8.6e-8,0.000009027,4900
8.4e-8,0.000009076,4910
8.4e-8,0.000008956,4920
8.5e-8,0.000009073,4930
8.3e-8,0.000009219,4940
8.6e-8,0.000009015,4950
8.5e-8,0.000009178,4960
8.6e-8,0.000009171,4970
8.7e-8,0.000009061,4980
1e-7,0.000009199,4990
8.7e-8,0.000009171,5000
8.5e-8,0.00000913,5010
8.5e-8,0.000009211,5020
1.66e-7,0.000009173,5030
2.84e-7,0.00000928,5040
9.1e-8,0.000009343,5050
8.3e-8,0.000009178,5060
8.1e-8,0.000009438,5070
8.2e-8,0.000009379,5080
8e-8,0.000009279,5090
9.3e-8,0.0000094,5100
8.1e-8,0.000009264,5110
8.4e-8,0.000009422,5120
8.3e-8,0.00000941,5130
9.4e-8,0.000009455,5140
8.3e-8,0.00000948,5150
9e-8,0.000009496,5160
7.9e-8,0.000009453,5170
9.3e-8,0.000009334,5180
8.4e-8,0.000009591,5190
8.1e-8,0.00000947,5200
8.1e-8,0.000009558,5210
8.3e-8,0.000009627,5220
9.4e-8,0.000009599,5230
8e-8,0.00000952,5240
8.7e-8,0.000009656,5250
8.2e-8,0.000009664,5260
8.2e-8,0.000009658,5270
8.3e-8,0.000009696,5280
9.2e-8,0.000009686,5290
8.1e-8,0.000009793,5300
8.3e-8,0.000009671,5310
8.3e-8,0.000013455,5320
8.2e-8,0.000010046,5330
8.1e-8,0.000009609,5340
8e-8,0.000009623,5350
8.3e-8,0.000009667,5360
8.2e-8,0.00000964,5370
8.1e-8,0.000009705,5380
8.1e-8,0.000009722,5390
1.19e-7,0.000009664,5400
9.8e-8,0.000009717,5410
8.1e-8,0.000009815,5420
8.4e-8,0.000009784,5430
8.3e-8,0.000009763,5440
8.2e-8,0.00000983,5450
8.3e-8,0.000009773,5460
1.36e-7,0.000009817,5470
8.2e-8,0.000009871,5480
7.9e-8,0.000009859,5490
1.24e-7,0.000009902,5500
8.1e-8,0.000009879,5510
8.1e-8,0.000009906,5520
8.9e-8,0.000009964,5530
8.1e-8,0.000009978,5540
8e-8,0.00000996,5550
8e-8,0.000009992,5560
7.9e-8,0.000010007,5570
0.000001458,0.000009974,5580
8.3e-8,0.000010013,5590
8e-8,0.000010023,5600
1.82e-7,0.000010066,5610
8.2e-8,0.000010131,5620
8.5e-8,0.000010073,5630
9e-8,0.000010222,5640
8.2e-8,0.000010099,5650
8.2e-8,0.00001013,5660
8e-8,0.00001014,5670
6.8e-8,0.000010212,5680
9.5e-8,0.000010262,5690
0.000001444,0.000010194,5700
8.2e-8,0.000010232,5710
8.2e-8,0.00001029,5720
7.9e-8,0.000010191,5730
8.9e-8,0.000010372,5740
1.04e-7,0.000010328,5750
9.6e-8,0.000010346,5760
9.6e-8,0.000010347,5770
8e-8,0.000010363,5780
8e-8,0.000010341,5790
1.07e-7,0.000010444,5800
8.1e-8,0.000010455,5810
1.03e-7,0.000010417,5820
9.8e-8,0.000010462,5830
8.4e-8,0.000010462,5840
9.5e-8,0.000011226,5850
8.3e-8,0.000010571,5860
7.8e-8,0.000010481,5870
8.1e-8,0.000010492,5880
8e-8,0.000010536,5890
9.4e-8,0.00001057,5900
9.2e-8,0.000010514,5910
8.6e-8,0.000010665,5920
8.1e-8,0.000010624,5930
1.53e-7,0.000010606,5940
8.2e-8,0.000010585,5950
8.2e-8,0.000010671,5960
1.9e-7,0.000010685,5970
9.3e-8,0.000010669,5980
8.2e-8,0.000010747,5990
8.1e-8,0.000010741,6000
8.1e-8,0.000010744,6010
8.3e-8,0.000010777,6020
8.1e-8,0.00001079,6030
8.1e-8,0.000010788,6040
8.3e-8,0.000010854,6050
8e-8,0.000011241,6060
8.3e-8,0.000012128,6070
8.2e-8,0.000010872,6080
8.2e-8,0.000010862,6090
8.1e-8,0.000010836,6100
8.1e-8,0.000010892,6110
9.9e-8,0.000010902,6120
1.48e-7,0.000010879,6130
9.4e-8,0.00001105,6140
8.2e-8,0.000011037,6150
8.1e-8,0.000011002,6160
8e-8,0.000010984,6170
1.55e-7,0.00001102,6180
8.3e-8,0.000011018,6190
1.28e-7,0.000011043,6200
8.2e-8,0.000011056,6210
8.2e-8,0.000011098,6220
1.17e-7,0.000011091,6230
8.2e-8,0.000011117,6240
8.1e-8,0.000011185,6250
8e-8,0.000011425,6260
8.2e-8,0.000011159,6270
8.1e-8,0.000011197,6280
8.1e-8,0.000011224,6290
8e-8,0.000011229,6300
8.4e-8,0.000011237,6310
8.1e-8,0.000011233,6320
8.1e-8,0.000011251,6330
9e-8,0.000011295,6340
9.7e-8,0.000011294,6350
8.3e-8,0.000011357,6360
8.3e-8,0.000011381,6370
8.2e-8,0.000011339,6380
1.24e-7,0.000011443,6390
8.1e-8,0.000011395,6400
8e-8,0.000011401,6410
8.4e-8,0.00001139,6420
1.2e-7,0.00001143,6430
8.2e-8,0.000011482,6440
2.14e-7,0.000011572,6450
8.3e-8,0.000011501,6460
7.9e-8,0.000011519,6470
8.2e-8,0.000011543,6480
8.1e-8,0.000011528,6490
8.1e-8,0.000011529,6500
7.8e-8,0.000011589,6510
1.29e-7,0.000011557,6520
8.4e-8,0.000011618,6530
8.2e-8,0.000011648,6540
8.3e-8,0.000011667,6550
7.9e-8,0.000011658,6560
8.1e-8,0.000011707,6570
8.1e-8,0.000011662,6580
9.3e-8,0.000011714,6590
7.9e-8,0.000011737,6600
8e-8,0.00001174,6610
1.13e-7,0.000011734,6620
8.4e-8,0.000011795,6630
9e-8,0.000011883,6640
8e-8,0.000011793,6650
8e-8,0.000011833,6660
1e-7,0.000011861,6670
7.8e-8,0.000014463,6680
7.9e-8,0.000012049,6690
7.9e-8,0.000011934,6700
1.5e-7,0.000011903,6710
1.38e-7,0.000011945,6720
8.2e-8,0.000012027,6730
1.18e-7,0.000012027,6740
8e-8,0.000012005,6750
8e-8,0.000011975,6760
8.3e-8,0.000012095,6770
8.1e-8,0.000012024,6780
8e-8,0.000012049,6790
9.3e-8,0.000012083,6800
8.3e-8,0.000012069,6810
9.8e-8,0.000012152,6820
8.3e-8,0.000012067,6830
8e-8,0.000012126,6840
9.6e-8,0.000012141,6850
8.3e-8,0.00001222,6860
8.1e-8,0.00001227,6870
9.5e-8,0.000012162,6880
1.09e-7,0.000012205,6890
8.2e-8,0.000012212,6900
1.24e-7,0.000012227,6910
8.3e-8,0.000012248,6920
8.2e-8,0.000012301,6930
1.09e-7,0.000012346,6940
8.1e-8,0.000012306,6950
1.02e-7,0.000012339,6960
8.1e-8,0.000012347,6970
8.1e-8,0.000012333,6980
8.3e-8,0.000012366,6990
8.2e-8,0.000012444,7000
8e-8,0.000012427,7010
7.9e-8,0.000012458,7020
1.07e-7,0.000012446,7030
8.3e-8,0.000012538,7040
8.3e-8,0.000012507,7050
8.1e-8,0.000012509,7060
8.1e-8,0.000012537,7070
8.6e-8,0.000012626,7080
8.2e-8,0.000012586,7090
9.7e-8,0.000012608,7100
8.1e-8,0.000012605,7110
8.1e-8,0.000012662,7120
1.07e-7,0.000012617,7130
8.2e-8,0.000012688,7140
1.13e-7,0.000012619,7150
8.4e-8,0.000012735,7160
8.2e-8,0.000012755,7170
9.3e-8,0.00001271,7180
9.4e-8,0.000013193,7190
1.17e-7,0.000012745,7200
8.3e-8,0.000012752,7210
8.1e-8,0.000012794,7220
8.1e-8,0.000012815,7230
1.11e-7,0.000012828,7240
9.8e-8,0.000012827,7250
8.2e-8,0.000012903,7260
8.5e-8,0.000012889,7270
8.1e-8,0.000012891,7280
8.3e-8,0.000012917,7290
8.2e-8,0.000012963,7300
9.6e-8,0.000012954,7310
8.1e-8,0.000012908,7320
8.3e-8,0.000013184,7330
9.5e-8,0.000013073,7340
8.1e-8,0.000012977,7350
8.4e-8,0.000013026,7360
8.2e-8,0.000013009,7370
8.1e-8,0.000013137,7380
6.9e-8,0.00001315,7390
8.1e-8,0.000013184,7400
2.53e-7,0.000013108,7410
8.7e-8,0.00001312,7420
1.22e-7,0.000013169,7430
1.05e-7,0.000013197,7440
8.7e-8,0.000013163,7450
8.5e-8,0.000013236,7460
9.9e-8,0.000013265,7470
8.4e-8,0.000013264,7480
9.6e-8,0.000013173,7490
8.7e-8,0.000013302,7500
8.6e-8,0.000014425,7510
8.4e-8,0.000013282,7520
8.7e-8,0.0000134,7530
1.13e-7,0.000013318,7540
8.8e-8,0.000013353,7550
8.5e-8,0.000013333,7560
8.5e-8,0.000013352,7570
8.4e-8,0.000013394,7580
1.16e-7,0.00001345,7590
8.5e-8,0.000013396,7600
9.7e-8,0.000013441,7610
8.5e-8,0.000013488,7620
8.5e-8,0.000013443,7630
9.8e-8,0.000013506,7640
1.09e-7,0.00001347,7650
8.6e-8,0.000013568,7660
1.04e-7,0.000013531,7670
9e-8,0.000013506,7680
8.2e-8,0.000013556,7690
1.04e-7,0.000013567,7700
8.7e-8,0.000013679,7710
8.4e-8,0.000013608,7720
8.3e-8,0.000013634,7730
8.7e-8,0.000013657,7740
8.5e-8,0.000013691,7750
9.9e-8,0.000013661,7760
8.6e-8,0.000013698,7770
1.12e-7,0.000013715,7780
8.5e-8,0.00001371,7790
1.02e-7,0.000013779,7800
1.03e-7,0.000013735,7810
8.3e-8,0.00001385,7820
1.11e-7,0.000013793,7830
8.3e-8,0.000013792,7840
8.2e-8,0.000013832,7850
8.9e-8,0.000013847,7860
0.00001072,0.000013872,7870
1.84e-7,0.000013895,7880
9e-8,0.000014039,7890
0.000001558,0.000013955,7900
1.6e-7,0.000013958,7910
1.18e-7,0.000013952,7920
1.32e-7,0.000013971,7930
1.31e-7,0.000013941,7940
1.43e-7,0.000013963,7950
1.34e-7,0.000014104,7960
1.26e-7,0.000014152,7970
1.57e-7,0.000014076,7980
1.3e-7,0.000014094,7990
1.13e-7,0.000014071,8000
8.7e-8,0.000014089,8010
8.9e-8,0.000014134,8020
8.8e-8,0.000014167,8030
3.03e-7,0.000014285,8040
1.02e-7,0.00001426,8050
8.7e-8,0.000014172,8060
1.07e-7,0.00001435,8070
8.8e-8,0.000014239,8080
8.3e-8,0.00002554,8090
8.3e-8,0.000026007,8100
1.07e-7,0.000015504,8110
8.1e-8,0.000030228,8120
8.3e-8,0.000016104,8130
8.4e-8,0.000016073,8140
8.4e-8,0.000016184,8150
8.2e-8,0.000016207,8160
8.2e-8,0.00001611,8170
8.3e-8,0.000016167,8180
8.2e-8,0.000016209,8190
8.2e-8,0.00001628,8200
8.1e-8,0.000016212,8210
8.1e-8,0.000016244,8220
8.1e-8,0.00001625,8230
8.5e-8,0.000016313,8240
1.1e-7,0.000016325,8250
1.04e-7,0.000016271,8260
1.21e-7,0.000016423,8270
8.1e-8,0.000016352,8280
8.3e-8,0.000016377,8290
8.1e-8,0.000016397,8300
8.2e-8,0.000016517,8310
9.6e-8,0.000016442,8320
1.07e-7,0.000016499,8330
8.1e-8,0.000016513,8340
9.6e-8,0.000016456,8350
8.1e-8,0.000016564,8360
8.1e-8,0.000016537,8370
1.2e-7,0.000016563,8380
8e-8,0.000016651,8390
9.5e-8,0.000016611,8400
8.1e-8,0.000016998,8410
8.1e-8,0.000016664,8420
8.2e-8,0.000016609,8430
8.1e-8,0.000016569,8440
8.5e-8,0.00001662,8450
8.2e-8,0.000016741,8460
1.18e-7,0.000016743,8470
8.1e-8,0.000016752,8480
9.7e-8,0.000016841,8490
1.53e-7,0.000016833,8500
8e-8,0.000016794,8510
8e-8,0.00001681,8520
8.2e-8,0.000016777,8530
8.4e-8,0.0000168,8540
1.05e-7,0.000019625,8550
8.1e-8,0.000017123,8560
8.2e-8,0.000016926,8570
8.3e-8,0.000016951,8580
9.2e-8,0.000016932,8590
7.9e-8,0.000015395,8600
8.2e-8,0.000015154,8610
8.5e-8,0.000015074,8620
1.26e-7,0.000026151,8630
8.2e-8,0.000015694,8640
1.2e-7,0.000015582,8650
1.06e-7,0.000015703,8660
8.1e-8,0.000015667,8670
8.2e-8,0.000015646,8680
8.2e-8,0.000015685,8690
9.5e-8,0.000028165,8700
9.6e-8,0.000016298,8710
8.1e-8,0.000015874,8720
8.1e-8,0.000015736,8730
8.2e-8,0.000015402,8740
8.3e-8,0.000015312,8750
1.1e-7,0.000015329,8760
1.07e-7,0.000015439,8770
8e-8,0.000015351,8780
9.3e-8,0.000015472,8790
8.1e-8,0.00002957,8800
8.2e-8,0.000022928,8810
8.1e-8,0.000022872,8820
8.2e-8,0.000022898,8830
8.2e-8,0.0000233,8840
8.2e-8,0.000022945,8850
1.11e-7,0.000023014,8860
8e-8,0.000023056,8870
8.3e-8,0.000023029,8880
8.1e-8,0.000023021,8890
8.1e-8,0.000023047,8900
9.6e-8,0.000023118,8910
8.1e-8,0.000023204,8920
8.2e-8,0.000023199,8930
8.2e-8,0.000023177,8940
8.2e-8,0.000023249,8950
8.1e-8,0.000023246,8960
8.1e-8,0.000023292,8970
8.1e-8,0.000023361,8980
8.4e-8,0.000023318,8990
8.2e-8,0.000023299,9000
8.2e-8,0.000023292,9010
1.38e-7,0.000023395,9020
9.3e-8,0.000023408,9030
8.2e-8,0.000023512,9040
8.3e-8,0.000023511,9050
9.6e-8,0.00002351,9060
8.5e-8,0.000023476,9070
8.1e-8,0.000023546,9080
8.9e-8,0.000023577,9090
8.2e-8,0.000023605,9100
9.5e-8,0.000023994,9110
1.08e-7,0.000023705,9120
8.1e-8,0.000023714,9130
8e-8,0.000027925,9140
8.5e-8,0.000016105,9150
8.1e-8,0.00001602,9160
9.5e-8,0.000016057,9170
2.7e-7,0.000016123,9180
1.42e-7,0.000016192,9190
1.2e-7,0.000016152,9200
9.5e-8,0.00001607,9210
1.22e-7,0.00001614,9220
1.01e-7,0.000016219,9230
9.8e-8,0.000016162,9240
9.7e-8,0.000016349,9250
9.5e-8,0.000016251,9260
1.18e-7,0.00001626,9270
1.04e-7,0.000016264,9280
1.04e-7,0.000016256,9290
1e-7,0.000016285,9300
9.7e-8,0.000016413,9310
1e-7,0.000016333,9320
1.02e-7,0.000016366,9330
1.63e-7,0.000016392,9340
1.2e-7,0.000016403,9350
1.18e-7,0.000016431,9360
1.38e-7,0.000016345,9370
1.19e-7,0.000016483,9380
1.45e-7,0.000016404,9390
1.24e-7,0.000016429,9400
1.2e-7,0.000016519,9410
1.2e-7,0.000016483,9420
1.23e-7,0.000016515,9430
1.27e-7,0.000016627,9440
1.22e-7,0.000016562,9450
1.21e-7,0.000016518,9460
1.48e-7,0.000016619,9470
1.22e-7,0.000016636,9480
1.28e-7,0.00001661,9490
1.41e-7,0.000016762,9500
1.2e-7,0.000016717,9510
1.34e-7,0.000016671,9520
1.39e-7,0.000016667,9530
1.25e-7,0.000016773,9540
1.21e-7,0.000016733,9550
1.41e-7,0.000016718,9560
1.42e-7,0.000016763,9570
1.3e-7,0.000016719,9580
1.24e-7,0.000016865,9590
1.29e-7,0.000016859,9600
1.24e-7,0.000016854,9610
1.2e-7,0.00001684,9620
1.4e-7,0.0000169,9630
1.24e-7,0.00001729,9640
1.3e-7,0.000016854,9650
1.38e-7,0.000016875,9660
1.23e-7,0.000016934,9670
1.29e-7,0.000016921,9680
1.86e-7,0.000017028,9690
1.02e-7,0.000016936,9700
1.05e-7,0.000017001,9710
1e-7,0.000017006,9720
1e-7,0.000017022,9730
1.38e-7,0.000017086,9740
1.01e-7,0.000017045,9750
1.09e-7,0.000017116,9760
1.01e-7,0.000018073,9770
9.9e-8,0.000017098,9780
9.4e-8,0.000017122,9790
1.01e-7,0.000017095,9800
1e-7,0.000017173,9810
1.04e-7,0.000017194,9820
1e-7,0.000017223,9830
9.6e-8,0.000017198,9840
9.4e-8,0.000017229,9850
9.9e-8,0.000017252,9860
1.03e-7,0.000017286,9870
1.17e-7,0.000017252,9880
1.16e-7,0.000017376,9890
9.9e-8,0.00001732,9900
1.35e-7,0.000017325,9910
1.04e-7,0.0000173,9920
1.02e-7,0.000017325,9930
9.7e-8,0.000017318,9940
9.9e-8,0.000017391,9950
1.23e-7,0.000017438,9960
1.22e-7,0.000017471,9970
1.57e-7,0.00001744,9980
1.24e-7,0.000017482,9990
1.23e-7,0.00001745,10000
1.62e-7,0.000017551,10010
1.23e-7,0.000017692,10020
1.47e-7,0.000017592,10030
1.24e-7,0.000017525,10040
1.24e-7,0.000017587,10050
1.24e-7,0.000017555,10060
1.05e-7,0.00001762,10070
1.13e-7,0.0000176,10080
1.21e-7,0.000017636,10090
1.54e-7,0.000017644,10100
1.11e-7,0.000017716,10110
1.29e-7,0.000017704,10120
1.1e-7,0.00001778,10130
1.29e-7,0.000017793,10140
1.09e-7,0.000017781,10150
1.14e-7,0.000017698,10160
1.09e-7,0.000017767,10170
2.52e-7,0.000017773,10180
1.24e-7,0.000017871,10190
1.5e-7,0.00001776,10200
1.16e-7,0.000017885,10210
1.29e-7,0.000017844,10220
1.13e-7,0.000017974,10230
1.07e-7,0.000017958,10240
1.06e-7,0.000017937,10250
1.2e-7,0.000017936,10260
1.13e-7,0.000017976,10270
1.51e-7,0.000017924,10280
1.11e-7,0.000017951,10290
1.26e-7,0.000018034,10300
1.11e-7,0.000018057,10310
1.11e-7,0.000018085,10320
1.1e-7,0.000018079,10330
1.34e-7,0.000018179,10340
1.14e-7,0.000018116,10350
1.23e-7,0.000022613,10360
1.35e-7,0.00001826,10370
1.12e-7,0.000018177,10380
1.33e-7,0.00001819,10390
1.09e-7,0.000018226,10400
1.26e-7,0.000018211,10410
1.14e-7,0.000018254,10420
1.35e-7,0.000018235,10430
1.06e-7,0.000018307,10440
1.22e-7,0.000018283,10450
1.33e-7,0.000018333,10460
1.06e-7,0.000018274,10470
1.21e-7,0.000018326,10480
1.12e-7,0.000018338,10490
1.11e-7,0.000018321,10500
1.11e-7,0.000018397,10510
1.11e-7,0.000018407,10520
1.06e-7,0.000018438,10530
1.05e-7,0.000018406,10540
1.06e-7,0.000018442,10550
1.19e-7,0.000018424,10560
1.26e-7,0.000018476,10570
1.3e-7,0.000018492,10580
1.19e-7,0.000018467,10590
1.24e-7,0.00001853,10600
1.16e-7,0.000018603,10610
1.12e-7,0.000018539,10620
1.09e-7,0.00001856,10630
1.16e-7,0.000018556,10640
1.85e-7,0.000018554,10650
1.11e-7,0.000018606,10660
1.09e-7,0.000018618,10670
1.07e-7,0.000021061,10680
1.09e-7,0.000018895,10690
1.25e-7,0.000018686,10700
1.08e-7,0.000018711,10710
1.12e-7,0.000019704,10720
1.1e-7,0.000018702,10730
1.09e-7,0.000018764,10740
1.09e-7,0.000018763,10750
1.66e-7,0.000018759,10760
1.37e-7,0.000018775,10770
1.06e-7,0.000018803,10780
1.1e-7,0.000018773,10790
1.14e-7,0.000018806,10800
1.14e-7,0.000018887,10810
1.07e-7,0.000019128,10820
1.25e-7,0.000018869,10830
1.15e-7,0.000018883,10840
1.08e-7,0.000018891,10850
1.1e-7,0.000018921,10860
1.16e-7,0.00001902,10870
1.11e-7,0.000018966,10880
1.07e-7,0.000018973,10890
1.09e-7,0.000018956,10900
1.29e-7,0.000019028,10910
1.2e-7,0.000018993,10920
1.07e-7,0.000019174,10930
1.28e-7,0.000019034,10940
1.09e-7,0.000019098,10950
1.13e-7,0.000019139,10960
1.08e-7,0.000019084,10970
1.08e-7,0.000019113,10980
1.18e-7,0.000019202,10990
1.07e-7,0.00001924,11000
1.16e-7,0.00001917,11010
1.09e-7,0.00001924,11020
1.13e-7,0.000019163,11030
1.17e-7,0.000019314,11040
1.26e-7,0.000019244,11050
1.08e-7,0.00001931,11060
1.41e-7,0.000019243,11070
1.07e-7,0.00001938,11080
2.12e-7,0.000019405,11090
1.09e-7,0.000019364,11100
1.09e-7,0.000019363,11110
1.22e-7,0.000019798,11120
1.07e-7,0.000019403,11130
1.1e-7,0.000019349,11140
1.06e-7,0.000019456,11150
1.1e-7,0.000019492,11160
1.12e-7,0.000019402,11170
1.14e-7,0.000019477,11180
1.18e-7,0.000019463,11190
1.09e-7,0.000019586,11200
1.05e-7,0.000019552,11210
1.14e-7,0.000019567,11220
1.29e-7,0.000019565,11230
1.12e-7,0.000019609,11240
1.09e-7,0.000019551,11250
1.28e-7,0.000019635,11260
1.08e-7,0.000019682,11270
1.13e-7,0.000019636,11280
1.11e-7,0.000019717,11290
1.06e-7,0.000019679,11300
1.14e-7,0.000019732,11310
1.18e-7,0.000019818,11320
1.23e-7,0.000019847,11330
1.1e-7,0.000019833,11340
1.09e-7,0.000019832,11350
1.18e-7,0.000019956,11360
1.28e-7,0.000019995,11370
1.13e-7,0.000020349,11380
1.51e-7,0.000019858,11390
1.15e-7,0.000019921,11400
1.08e-7,0.000019979,11410
1.13e-7,0.000019943,11420
1.09e-7,0.000019954,11430
1.05e-7,0.000019893,11440
1.15e-7,0.000020066,11450
1.31e-7,0.00002009,11460
1.13e-7,0.000020077,11470
1.18e-7,0.000020058,11480
1.28e-7,0.000020057,11490
1.13e-7,0.00002003,11500
1.4e-7,0.000020075,11510
1.8e-7,0.000020126,11520
1.14e-7,0.000020096,11530
1.58e-7,0.000020119,11540
1.18e-7,0.000020072,11550
1.08e-7,0.000020237,11560
1.17e-7,0.000020186,11570
1.08e-7,0.000020295,11580
1.17e-7,0.000021154,11590
1.11e-7,0.000020196,11600
1.21e-7,0.000020295,11610
1.26e-7,0.000020169,11620
1.17e-7,0.000020215,11630
1.21e-7,0.000020213,11640
1.2e-7,0.000020299,11650
1.06e-7,0.000020262,11660
1.1e-7,0.000020299,11670
1.1e-7,0.000020696,11680
1.3e-7,0.000020377,11690
1.11e-7,0.000020287,11700
1.32e-7,0.000020378,11710
1.09e-7,0.000020407,11720
1.18e-7,0.000020367,11730
1.09e-7,0.00002041,11740
1.13e-7,0.000020427,11750
1.11e-7,0.000020344,11760
1.13e-7,0.000020477,11770
1.53e-7,0.000020444,11780
1.09e-7,0.000020511,11790
1.13e-7,0.000020521,11800
1.26e-7,0.00002053,11810
1.08e-7,0.000020524,11820
1.14e-7,0.000020549,11830
1.08e-7,0.000020625,11840
1.1e-7,0.000020632,11850
1.16e-7,0.000020568,11860
1.23e-7,0.000020585,11870
1.06e-7,0.000020627,11880
1.08e-7,0.000020713,11890
1.11e-7,0.000020658,11900
1.08e-7,0.000020726,11910
1.13e-7,0.000020788,11920
1.75e-7,0.00002069,11930
1.09e-7,0.000020774,11940
1.51e-7,0.000020764,11950
1.1e-7,0.000024556,11960
1.18e-7,0.000021014,11970
1.3e-7,0.000020851,11980
1.06e-7,0.000020889,11990
1.26e-7,0.000020824,12000
1.13e-7,0.000020847,12010
1.11e-7,0.000020881,12020
1.24e-7,0.000020883,12030
1.11e-7,0.000020939,12040
1.14e-7,0.000020978,12050
1.09e-7,0.000020923,12060
1.08e-7,0.000020984,12070
1.13e-7,0.000020924,12080
1.15e-7,0.000021085,12090
1.24e-7,0.000021053,12100
1.14e-7,0.000021044,12110
1.33e-7,0.000021052,12120
1.3e-7,0.000021096,12130
1.09e-7,0.000021088,12140
1.12e-7,0.000021112,12150
1.12e-7,0.000021047,12160
1.16e-7,0.000021116,12170
1.1e-7,0.000021129,12180
1.26e-7,0.000021212,12190
1.08e-7,0.000021256,12200
1.14e-7,0.000021173,12210
1.18e-7,0.000021207,12220
1.25e-7,0.000021285,12230
1.14e-7,0.000033198,12240
1.15e-7,0.000043065,12250
1.31e-7,0.000023256,12260
1.13e-7,0.000022667,12270
1.14e-7,0.000034074,12280
1.22e-7,0.000042339,12290
1.22e-7,0.000032034,12300
1.11e-7,0.000033365,12310
1.98e-7,0.00002305,12320
1.11e-7,0.000042458,12330
1.12e-7,0.000023105,12340
1.33e-7,0.000032097,12350
1.17e-7,0.000031149,12360
1.21e-7,0.000021529,12370
1.19e-7,0.00002168,12380
1.13e-7,0.000022263,12390
1.29e-7,0.000021543,12400
1.1e-7,0.000021531,12410
1.13e-7,0.000021566,12420
1.11e-7,0.000021653,12430
1.08e-7,0.000021589,12440
1.15e-7,0.000021574,12450
1.31e-7,0.000021688,12460
1.09e-7,0.00002162,12470
1.1e-7,0.000021946,12480
1.1e-7,0.000021704,12490
1.1e-7,0.000021682,12500
1.12e-7,0.000021668,12510
1.18e-7,0.000021677,12520
1.14e-7,0.000021842,12530
1.08e-7,0.000021799,12540
1.14e-7,0.000021836,12550
1.5e-7,0.000021739,12560
1.29e-7,0.000021814,12570
1.23e-7,0.000021924,12580
1.09e-7,0.000021847,12590
1.15e-7,0.000021919,12600
1.11e-7,0.000022029,12610
1.14e-7,0.000021886,12620
1.1e-7,0.000033187,12630
1.1e-7,0.000043274,12640
1.17e-7,0.000034402,12650
1.07e-7,0.0000246,12660
1.21e-7,0.000024657,12670
1.17e-7,0.000024738,12680
1.06e-7,0.000024652,12690
1.19e-7,0.000024735,12700
1.67e-7,0.000024702,12710
1.54e-7,0.000024783,12720
1.3e-7,0.000024893,12730
1.26e-7,0.000024754,12740
1.12e-7,0.000024949,12750
1.22e-7,0.000024892,12760
1.15e-7,0.000024899,12770
1.11e-7,0.000024911,12780
1.67e-7,0.000024975,12790
1.11e-7,0.000024899,12800
1.51e-7,0.00002494,12810
1.11e-7,0.00002499,12820
1.15e-7,0.000024979,12830
1.1e-7,0.000024969,12840
1.2e-7,0.000025122,12850
1.14e-7,0.000025062,12860
1.24e-7,0.000025118,12870
1.26e-7,0.000025258,12880
1.09e-7,0.00002509,12890
1.24e-7,0.000025108,12900
1.16e-7,0.000025276,12910
1.16e-7,0.000025228,12920
1.15e-7,0.00002518,12930
1.1e-7,0.00002524,12940
1.11e-7,0.000025347,12950
1.18e-7,0.000033268,12960
1.11e-7,0.000022774,12970
1.07e-7,0.000022588,12980
1.17e-7,0.000022574,12990
1.1e-7,0.000022619,13000
1.11e-7,0.000022735,13010
1.23e-7,0.000022933,13020
1.09e-7,0.000022751,13030
1.18e-7,0.00002265,13040
1.52e-7,0.000022809,13050
1.11e-7,0.000022694,13060
1.18e-7,0.000022754,13070
2.1e-7,0.000022889,13080
1.41e-7,0.000022733,13090
1.18e-7,0.000022747,13100
1.17e-7,0.000022774,13110
1.3e-7,0.000022786,13120
1.2e-7,0.000022796,13130
1.08e-7,0.000023577,13140
1.03e-7,0.000022844,13150
1.06e-7,0.000022822,13160
1.44e-7,0.000022904,13170
1.04e-7,0.000022901,13180
1.12e-7,0.000022825,13190
1.15e-7,0.000022833,13200
9.7e-8,0.000022903,13210
1.06e-7,0.00002295,13220
1.11e-7,0.000022882,13230
1.01e-7,0.000022924,13240
1.08e-7,0.000023019,13250
1.06e-7,0.000023049,13260
1.01e-7,0.000025746,13270
1.01e-7,0.000023117,13280
1.05e-7,0.000022995,13290
1.77e-7,0.000023009,13300
1e-7,0.000023195,13310
0.000001976,0.000023128,13320
1.76e-7,0.000023093,13330
1.27e-7,0.000023147,13340
1.03e-7,0.000023175,13350
1.11e-7,0.00002315,13360
1.14e-7,0.000023188,13370
1.43e-7,0.000023244,13380
1.05e-7,0.000023227,13390
1.2e-7,0.000023328,13400
1.25e-7,0.000023242,13410
9.9e-8,0.000023262,13420
2.4e-7,0.000023331,13430
1.37e-7,0.000023259,13440
1.16e-7,0.000023268,13450
1.2e-7,0.00002337,13460
1.15e-7,0.000023438,13470
1.07e-7,0.000023364,13480
1.17e-7,0.000023515,13490
1.08e-7,0.00002352,13500
1.17e-7,0.000023498,13510
1.05e-7,0.000023456,13520
1.13e-7,0.000023536,13530
1.03e-7,0.000023452,13540
1.15e-7,0.000023529,13550
1.02e-7,0.000023556,13560
1.11e-7,0.000023609,13570
1.12e-7,0.000023575,13580
1.04e-7,0.000023845,13590
1.06e-7,0.000023545,13600
1.28e-7,0.00002361,13610
1.29e-7,0.000023745,13620
1e-7,0.000023657,13630
1.07e-7,0.000023752,13640
1.01e-7,0.000023709,13650
1.07e-7,0.000023665,13660
1.14e-7,0.000023762,13670
1.07e-7,0.000023812,13680
1.2e-7,0.000023763,13690
1.13e-7,0.000023856,13700
9.6e-8,0.000023805,13710
1.1e-7,0.000023949,13720
1e-7,0.000023921,13730
1.18e-7,0.00002375,13740
1.03e-7,0.000023895,13750
1.46e-7,0.000023927,13760
1.03e-7,0.000023956,13770
2.39e-7,0.000023943,13780
1.04e-7,0.000023974,13790
1.13e-7,0.000024005,13800
1.09e-7,0.000024134,13810
9.9e-8,0.00002407,13820
1.01e-7,0.000027731,13830
1.03e-7,0.000024278,13840
1.02e-7,0.000024962,13850
1.01e-7,0.000023982,13860
1.12e-7,0.000024066,13870
1.08e-7,0.000024085,13880
1.05e-7,0.00002403,13890
1.44e-7,0.000024077,13900
1.02e-7,0.000024047,13910
1.07e-7,0.000024156,13920
1.2e-7,0.000024174,13930
1.05e-7,0.00002411,13940
9.9e-8,0.000024159,13950
9.9e-8,0.000024131,13960
1e-7,0.000024241,13970
9.8e-8,0.000024211,13980
1.04e-7,0.000024151,13990
1.12e-7,0.00002423,14000
1.23e-7,0.000024303,14010
1e-7,0.000024309,14020
1.07e-7,0.000024305,14030
1.07e-7,0.000024323,14040
1.2e-7,0.00002429,14050
9.9e-8,0.00002439,14060
1.05e-7,0.000024581,14070
1.02e-7,0.000024383,14080
1.07e-7,0.000024466,14090
1.07e-7,0.00002434,14100
1.09e-7,0.000024462,14110
1.04e-7,0.000024482,14120
1.62e-7,0.000024525,14130
1.05e-7,0.000024523,14140
1.22e-7,0.000024628,14150
1.23e-7,0.0000245,14160
1.02e-7,0.000024605,14170
1.45e-7,0.000024548,14180
1.03e-7,0.000024569,14190
1.18e-7,0.000024715,14200
1.08e-7,0.000024625,14210
1.04e-7,0.000024671,14220
1.05e-7,0.000024638,14230
1.02e-7,0.000024677,14240
1e-7,0.000024779,14250
1.24e-7,0.000024743,14260
1.01e-7,0.000024849,14270
1.2e-7,0.000024756,14280
1.14e-7,0.000024805,14290
1.03e-7,0.000024798,14300
1.08e-7,0.000024887,14310
1.09e-7,0.000024934,14320
1.11e-7,0.000024831,14330
1.1e-7,0.000024813,14340
1.09e-7,0.000024951,14350
1.07e-7,0.000025014,14360
1.18e-7,0.000025281,14370
1.03e-7,0.000024996,14380
1.18e-7,0.000024977,14390
1.23e-7,0.000025008,14400
9.9e-8,0.000025005,14410
1.23e-7,0.000024991,14420
8.8e-8,0.000025105,14430
9.2e-8,0.000025135,14440
1e-7,0.000025087,14450
1.31e-7,0.000025057,14460
1.04e-7,0.000025152,14470
1.33e-7,0.000025086,14480
1.18e-7,0.000025114,14490
1.12e-7,0.000025301,14500
9.7e-8,0.000025177,14510
9.6e-8,0.000026002,14520
9e-8,0.0000251,14530
9.8e-8,0.000025162,14540
1.01e-7,0.000025216,14550
8.7e-8,0.000025212,14560
1.07e-7,0.000025256,14570
1.23e-7,0.00002532,14580
9.8e-8,0.000025312,14590
1.14e-7,0.000025295,14600
9.7e-8,0.000025285,14610
8.5e-8,0.000025338,14620
1.06e-7,0.000025349,14630
9.9e-8,0.000025339,14640
9.8e-8,0.000025324,14650
1.32e-7,0.00002533,14660
1e-7,0.000025496,14670
1.06e-7,0.000025369,14680
1.14e-7,0.000025429,14690
9.9e-8,0.000025445,14700
9.8e-8,0.000025587,14710
9.5e-8,0.000025516,14720
9.9e-8,0.000025524,14730
1.25e-7,0.000025497,14740
9.5e-8,0.000025606,14750
1.02e-7,0.000025526,14760
1.58e-7,0.000025556,14770
9.7e-8,0.000025614,14780
1.34e-7,0.000025645,14790
9.2e-8,0.000025653,14800
1.01e-7,0.000025667,14810
1.18e-7,0.000025676,14820
9.6e-8,0.000025728,14830
1.2e-7,0.000025631,14840
1.2e-7,0.000025788,14850
1.19e-7,0.000025782,14860
1e-7,0.000025812,14870
9.9e-8,0.000025786,14880
9.8e-8,0.000025866,14890
1.01e-7,0.000025815,14900
9.8e-8,0.000025915,14910
1.13e-7,0.000025943,14920
1.15e-7,0.000025877,14930
9.6e-8,0.000025914,14940
1.16e-7,0.000025941,14950
9.9e-8,0.00002598,14960
1.03e-7,0.000025944,14970
1.13e-7,0.000025961,14980
1.1e-7,0.000026028,14990
1.18e-7,0.000026023,15000
1.12e-7,0.000026029,15010
1.03e-7,0.00002598,15020
9.5e-8,0.000026106,15030
1e-7,0.000026138,15040
9.3e-8,0.000026102,15050
9.3e-8,0.000026215,15060
1.13e-7,0.00002623,15070
1.59e-7,0.00002618,15080
9.6e-8,0.000026162,15090
1.28e-7,0.000026152,15100
1.01e-7,0.000030597,15110
9.6e-8,0.000026449,15120
1.12e-7,0.000026218,15130
9.3e-8,0.000026207,15140
9.3e-8,0.000027147,15150
1.06e-7,0.000026205,15160
1e-7,0.000026284,15170
9.2e-8,0.000026299,15180
1.01e-7,0.000026264,15190
9.3e-8,0.000026286,15200
9.9e-8,0.000026323,15210
1.07e-7,0.000026484,15220
9.9e-8,0.000026318,15230
9.7e-8,0.000026345,15240
9.4e-8,0.000026341,15250
9.5e-8,0.000026458,15260
1.14e-7,0.000026424,15270
9.9e-8,0.000026381,15280
9.2e-8,0.000026468,15290
9.4e-8,0.000026573,15300
9.6e-8,0.000026489,15310
9.8e-8,0.000026532,15320
9.5e-8,0.000026518,15330
1.01e-7,0.000026564,15340
9.8e-8,0.000026512,15350
9.3e-8,0.000026524,15360
9.2e-8,0.000029966,15370
1.13e-7,0.000026821,15380
1.54e-7,0.000026668,15390
9.4e-8,0.000026649,15400
1.19e-7,0.000026562,15410
9.2e-8,0.000026829,15420
9.4e-8,0.000026929,15430
1.02e-7,0.000026743,15440
9.3e-8,0.000026727,15450
1e-7,0.000026777,15460
1.32e-7,0.000026747,15470
9.3e-8,0.000026716,15480
9.4e-8,0.000026791,15490
1.18e-7,0.000026768,15500
1e-7,0.000026838,15510
1.04e-7,0.000026936,15520
1.1e-7,0.000026828,15530
1.02e-7,0.000026873,15540
1e-7,0.000026879,15550
1e-7,0.000026866,15560
9.7e-8,0.000027026,15570
9.6e-8,0.000026965,15580
1.01e-7,0.000026952,15590
1.1e-7,0.000027004,15600
1.12e-7,0.000027076,15610
9.5e-8,0.000027084,15620
1.14e-7,0.000027303,15630
9.7e-8,0.000027054,15640
1.04e-7,0.000027124,15650
9.7e-8,0.000027198,15660
9.6e-8,0.000027106,15670
1e-7,0.000027294,15680
1.11e-7,0.000027151,15690
1.46e-7,0.000027275,15700
1.01e-7,0.000027272,15710
1.63e-7,0.000027312,15720
1e-7,0.000027291,15730
1.58e-7,0.000027291,15740
8.9e-8,0.000027459,15750
9.9e-8,0.000027374,15760
1.05e-7,0.000027339,15770
8.9e-8,0.000028139,15780
1.02e-7,0.000027344,15790
8.8e-8,0.000027346,15800
9.7e-8,0.000027249,15810
9.2e-8,0.000027403,15820
9.8e-8,0.000027347,15830
1.17e-7,0.000027338,15840
1.06e-7,0.000027464,15850
8.8e-8,0.000027404,15860
9.2e-8,0.000038507,15870
9.7e-8,0.000037337,15880
1.04e-7,0.000027418,15890
9.5e-8,0.000027472,15900
1.1e-7,0.000027439,15910
1.21e-7,0.000027554,15920
8.9e-8,0.000037124,15930
9.6e-8,0.000029107,15940
9.4e-8,0.000029077,15950
1.17e-7,0.000029335,15960
1.06e-7,0.000029317,15970
9.5e-8,0.000029275,15980
1e-7,0.000029217,15990
0.000003288,0.000029208,16000
1.71e-7,0.000029327,16010
8.7e-8,0.000029285,16020
1.29e-7,0.000029286,16030
9.6e-8,0.00002929,16040
9.1e-8,0.000029352,16050
8.5e-8,0.000029377,16060
1.03e-7,0.000029392,16070
9.5e-8,0.000060411,16080
1.12e-7,0.000138901,16090
1.02e-7,0.000061602,16100
9.5e-8,0.000060804,16110
8.3e-8,0.000060987,16120
9.2e-8,0.000060722,16130
8.7e-8,0.000060742,16140
9.2e-8,0.000060957,16150
9.3e-8,0.000061007,16160
8.9e-8,0.000060942,16170
8.5e-8,0.000060977,16180
1.04e-7,0.000060852,16190
9.5e-8,0.000060865,16200
8.8e-8,0.00006097,16210
8.7e-8,0.000061249,16220
9.6e-8,0.000060856,16230
9e-8,0.000061087,16240
8.5e-8,0.000061492,16250
8.3e-8,0.000061342,16260
8.7e-8,0.000061339,16270
9e-8,0.000061464,16280
1.32e-7,0.000061228,16290
8.8e-8,0.000061708,16300
1.07e-7,0.000061608,16310
1.03e-7,0.000061955,16320
9.2e-8,0.000061555,16330
8.4e-8,0.000061993,16340
9e-8,0.000062528,16350
8.3e-8,0.000064367,16360
9e-8,0.000061826,16370
8.7e-8,0.000061738,16380
9.5e-8,0.000071962,16390
9e-8,0.000062205,16400
8.8e-8,0.000061713,16410
1e-7,0.000062126,16420
8.5e-8,0.000061937,16430
9.4e-8,0.000061905,16440
8.8e-8,0.000062016,16450
8.8e-8,0.000062024,16460
9.4e-8,0.000062164,16470
9.2e-8,0.000062062,16480
9.8e-8,0.00006239,16490
9e-8,0.000076547,16500
9.8e-8,0.000062028,16510
8.6e-8,0.000041446,16520
9.3e-8,0.000076612,16530
9.6e-8,0.000055929,16540
8.9e-8,0.000043624,16550
1.21e-7,0.000041411,16560
9.1e-8,0.000041251,16570
1.08e-7,0.000041195,16580
9.2e-8,0.00004139,16590
9e-8,0.000041376,16600
9.4e-8,0.000041268,16610
8.6e-8,0.000041318,16620
1.05e-7,0.000041386,16630
8.7e-8,0.000041282,16640
9e-8,0.000041432,16650
1.1e-7,0.00004143,16660
8.7e-8,0.000041457,16670
9.4e-8,0.000041537,16680
9.1e-8,0.000041502,16690
8.7e-8,0.000041485,16700
1.23e-7,0.000041573,16710
9.1e-8,0.000041609,16720
9.3e-8,0.000041667,16730
1.08e-7,0.000041666,16740
8.9e-8,0.000041603,16750
1.13e-7,0.000041778,16760
8.7e-8,0.00004182,16770
9e-8,0.000041746,16780
9.1e-8,0.000041801,16790
9e-8,0.000041895,16800
9.6e-8,0.000041852,16810
8.9e-8,0.000041757,16820
1.24e-7,0.000042261,16830
1.2e-7,0.000041891,16840
9e-8,0.000042142,16850
1.07e-7,0.000041999,16860
9.8e-8,0.000041937,16870
9.1e-8,0.000042049,16880
1.1e-7,0.000042158,16890
8.4e-8,0.000042138,16900
1.26e-7,0.000043907,16910
8.7e-8,0.000042157,16920
9.2e-8,0.00004212,16930
1.04e-7,0.000042123,16940
9.1e-8,0.00004216,16950
8.9e-8,0.000042063,16960
9.3e-8,0.000042272,16970
9.1e-8,0.000042182,16980
9.1e-8,0.000042214,16990
8.7e-8,0.000042213,17000
9.2e-8,0.00004233,17010
9.6e-8,0.000042343,17020
9.1e-8,0.000042301,17030
9.3e-8,0.000042497,17040
9.3e-8,0.00004237,17050
9.5e-8,0.000042465,17060
9.2e-8,0.000042505,17070
9.3e-8,0.000042546,17080
9.1e-8,0.000042641,17090
1.26e-7,0.000042668,17100
1.06e-7,0.000043425,17110
9e-8,0.000056477,17120
9.3e-8,0.000038431,17130
9.1e-8,0.000038213,17140
9.1e-8,0.000038114,17150
8.6e-8,0.000038117,17160
1.29e-7,0.000038088,17170
9.1e-8,0.000038233,17180
1.19e-7,0.000038543,17190
9.5e-8,0.000038294,17200
8.8e-8,0.000047468,17210
9.1e-8,0.000038228,17220
8.7e-8,0.000038593,17230
9.4e-8,0.000197093,17240
9.1e-8,0.00006562,17250
8.7e-8,0.000039648,17260
9.7e-8,0.000038603,17270
9.4e-8,0.000038753,17280
1.25e-7,0.000045546,17290
8.8e-8,0.000039221,17300
8.5e-8,0.00004498,17310
9.1e-8,0.000038891,17320
9.5e-8,0.000038419,17330
8.9e-8,0.000038446,17340
9.3e-8,0.000038516,17350
9.3e-8,0.000038544,17360
1.69e-7,0.000038616,17370
8.9e-8,0.000038758,17380
9.3e-8,0.000038646,17390
8.9e-8,0.000038609,17400
1.01e-7,0.000038664,17410
1.25e-7,0.000038611,17420
9.2e-8,0.000038715,17430
9.2e-8,0.000038778,17440
9e-8,0.00003867,17450
9.4e-8,0.000039682,17460
9.4e-8,0.000038841,17470
8.8e-8,0.000038944,17480
8.8e-8,0.000038884,17490
9.6e-8,0.000038788,17500
8.8e-8,0.000038807,17510
1.03e-7,0.000038927,17520
8.6e-8,0.000038939,17530
8.5e-8,0.000039072,17540
9.7e-8,0.000038877,17550
1.05e-7,0.000038913,17560
9.2e-8,0.000038958,17570
9.7e-8,0.000038936,17580
9.1e-8,0.000039216,17590
9.8e-8,0.000038986,17600
8.5e-8,0.000039215,17610
9.3e-8,0.000039109,17620
9.9e-8,0.000039127,17630
1.25e-7,0.000039145,17640
9.1e-8,0.000039257,17650
9.2e-8,0.000043708,17660
9.3e-8,0.000041661,17670
9e-8,0.000036078,17680
1e-7,0.000035575,17690
8.5e-8,0.000039954,17700
9.6e-8,0.000035683,17710
1.01e-7,0.000035511,17720
8.8e-8,0.000035562,17730
1.23e-7,0.000035493,17740
1.06e-7,0.000035568,17750
9.1e-8,0.000035637,17760
1.02e-7,0.000035587,17770
9e-8,0.000035502,17780
1.1e-7,0.000035589,17790
9.2e-8,0.000035657,17800
8.8e-8,0.000035581,17810
1.09e-7,0.00003559,17820
9.4e-8,0.000035734,17830
8.9e-8,0.000035739,17840
8.7e-8,0.000035743,17850
1.05e-7,0.000035717,17860
8.6e-8,0.000035765,17870
8.4e-8,0.000035744,17880
9.2e-8,0.000035791,17890
9.1e-8,0.000035796,17900
1.31e-7,0.000035844,17910
9.1e-8,0.000035928,17920
8.8e-8,0.000035884,17930
1.04e-7,0.000035924,17940
8.7e-8,0.000035884,17950
9.1e-8,0.000035957,17960
8.8e-8,0.000035948,17970
1e-7,0.000036029,17980
8.6e-8,0.000036035,17990
1.16e-7,0.000085075,18000
9e-8,0.000039856,18010
8.8e-8,0.000037385,18020
8.7e-8,0.000037215,18030
9.1e-8,0.000037089,18040
8.8e-8,0.000037224,18050
9.8e-8,0.000037177,18060
8.7e-8,0.000037331,18070
8.6e-8,0.00003723,18080
9e-8,0.000037276,18090
9e-8,0.000037235,18100
9.1e-8,0.000037335,18110
9e-8,0.000037384,18120
9.2e-8,0.000037556,18130
9.6e-8,0.000037306,18140
9.2e-8,0.000037459,18150
8.8e-8,0.000037406,18160
1.23e-7,0.00003739,18170
1.32e-7,0.000037416,18180
8.6e-8,0.000037525,18190
9.6e-8,0.00003751,18200
1.09e-7,0.000037424,18210
1.04e-7,0.000037545,18220
9.7e-8,0.000037658,18230
8.4e-8,0.000037588,18240
9.8e-8,0.000037648,18250
9.1e-8,0.000037713,18260
1.07e-7,0.000037618,18270
8.4e-8,0.000037753,18280
1.1e-7,0.00003758,18290
9.1e-8,0.000037881,18300
9.8e-8,0.000037695,18310
1.01e-7,0.000037827,18320
1.05e-7,0.000038751,18330
1.24e-7,0.000037823,18340
9.2e-8,0.000037951,18350
1.12e-7,0.00003778,18360
9.9e-8,0.000037887,18370
9e-8,0.00003799,18380
1.05e-7,0.000037863,18390
9.2e-8,0.000037892,18400
8.7e-8,0.000037864,18410
8.9e-8,0.000037884,18420
1.36e-7,0.00003798,18430
9.5e-8,0.000038015,18440
8.8e-8,0.000037941,18450
9.8e-8,0.000038124,18460
8.6e-8,0.000037965,18470
1.26e-7,0.000038074,18480
1.06e-7,0.000060011,18490
9.7e-8,0.000034981,18500
9.3e-8,0.000034814,18510
9.2e-8,0.000035456,18520
8.3e-8,0.000034784,18530
9.7e-8,0.000034849,18540
9.3e-8,0.000034823,18550
9.7e-8,0.000034893,18560
8.8e-8,0.000035,18570
1.24e-7,0.00003484,18580
8.8e-8,0.000034891,18590
8.7e-8,0.000034861,18600
8.8e-8,0.000034873,18610
9.3e-8,0.000034919,18620
9.1e-8,0.000035008,18630
9.2e-8,0.000035002,18640
9.3e-8,0.000035028,18650
1.47e-7,0.000035048,18660
8.9e-8,0.000035016,18670
9.1e-8,0.000035137,18680
1.11e-7,0.000035097,18690
1.1e-7,0.000035231,18700
9.1e-8,0.000035184,18710
9.8e-8,0.000035199,18720
8.6e-8,0.000035195,18730
9.1e-8,0.000035162,18740
8.8e-8,0.000035273,18750
9.5e-8,0.000035163,18760
8.9e-8,0.000035242,18770
8.7e-8,0.000035282,18780
9.4e-8,0.000035261,18790
8.9e-8,0.000038276,18800
8.8e-8,0.000042363,18810
9.4e-8,0.000032645,18820
8.8e-8,0.000032503,18830
1.11e-7,0.000032583,18840
9.9e-8,0.000032561,18850
9.1e-8,0.000032547,18860
9e-8,0.000032681,18870
9.6e-8,0.000032606,18880
1.33e-7,0.000032674,18890
9e-8,0.000032598,18900
9.8e-8,0.000032712,18910
9e-8,0.000032882,18920
9.2e-8,0.000032794,18930
1.28e-7,0.000032706,18940
1.22e-7,0.000036656,18950
9.5e-8,0.000033015,18960
1.11e-7,0.000032789,18970
8.6e-8,0.000032854,18980
8.4e-8,0.00003363,18990
9.1e-8,0.000032738,19000
1.1e-7,0.000032832,19010
1.08e-7,0.000032794,19020
1.03e-7,0.000032802,19030
9.2e-8,0.000032851,19040
9.9e-8,0.000032855,19050
9.7e-8,0.000032998,19060
8.5e-8,0.000032892,19070
1.04e-7,0.000032912,19080
9.1e-8,0.000032858,19090
9e-8,0.000033113,19100
1.11e-7,0.000032901,19110
1.25e-7,0.000033025,19120
9e-8,0.000033048,19130
8.9e-8,0.000032984,19140
9.9e-8,0.000032999,19150
9.5e-8,0.00003306,19160
9.2e-8,0.00003305,19170
1.1e-7,0.000033191,19180
8.9e-8,0.000033157,19190
9.1e-8,0.000033088,19200
9e-8,0.000033142,19210
1.3e-7,0.000033191,19220
9.4e-8,0.000033291,19230
9.4e-8,0.000033143,19240
9.6e-8,0.000033258,19250
8.8e-8,0.000033231,19260
9e-8,0.000033249,19270
8.9e-8,0.000033332,19280
9.7e-8,0.000033379,19290
9.9e-8,0.00003339,19300
9.1e-8,0.000033422,19310
8.9e-8,0.000033417,19320
9.6e-8,0.000056261,19330
8.9e-8,0.000035408,19340
1.24e-7,0.000034467,19350
9e-8,0.000034601,19360
9.4e-8,0.000045642,19370
9.7e-8,0.000038025,19380
9e-8,0.000038082,19390
8.9e-8,0.000038155,19400
1.1e-7,0.000038033,19410
1.01e-7,0.000038451,19420
1.25e-7,0.000037931,19430
8.4e-8,0.000037815,19440
9.6e-8,0.000038185,19450
1.05e-7,0.000038428,19460
9.9e-8,0.000037683,19470
9.7e-8,0.000037677,19480
1.01e-7,0.000037683,19490
1.27e-7,0.000037664,19500
9.4e-8,0.000037866,19510
9.9e-8,0.000037691,19520
9.1e-8,0.00003779,19530
1.07e-7,0.000037983,19540
8.9e-8,0.000037958,19550
8.9e-8,0.000037803,19560
9.7e-8,0.000038027,19570
2.31e-7,0.000037963,19580
8.9e-8,0.00003817,19590
8.8e-8,0.000038079,19600
8.6e-8,0.000038304,19610
9.9e-8,0.000081125,19620
9.4e-8,0.000088649,19630
9.4e-8,0.0000755,19640
9.6e-8,0.000101916,19650
9.3e-8,0.000073442,19660
8.7e-8,0.000071872,19670
1.25e-7,0.000071645,19680
9.2e-8,0.000093319,19690
9.2e-8,0.000040411,19700
1.17e-7,0.000039521,19710
1.03e-7,0.000039433,19720
9.3e-8,0.000039421,19730
9.1e-8,0.000039374,19740
9.3e-8,0.000039507,19750
1e-7,0.00003948,19760
9.5e-8,0.000039462,19770
8.9e-8,0.000039526,19780
9.1e-8,0.00004515,19790
9.1e-8,0.000039747,19800
1.08e-7,0.000047794,19810
2.09e-7,0.000036071,19820
1.35e-7,0.000036172,19830
2.32e-7,0.0000362,19840
9.2e-8,0.000036156,19850
1.66e-7,0.000036186,19860
2e-7,0.000036212,19870
1.54e-7,0.000036185,19880
1.13e-7,0.000036233,19890
1.79e-7,0.000036237,19900
1.01e-7,0.000036306,19910
1.19e-7,0.000036301,19920
8.7e-8,0.000037012,19930
1.29e-7,0.000036345,19940
1.21e-7,0.000036372,19950
1.63e-7,0.000036379,19960
1.8e-7,0.00003645,19970
1.26e-7,0.000036414,19980
2.14e-7,0.000036455,19990
1.08e-7,0.000036347,20000
8.8e-8,0.00003645,20010
2.3e-7,0.000036458,20020
1.28e-7,0.000036519,20030
1.29e-7,0.000036533,20040
1.41e-7,0.000036503,20050
9.7e-8,0.000036544,20060
8.6e-8,0.000036708,20070
9.6e-8,0.000036536,20080
8.8e-8,0.000036608,20090
1.01e-7,0.000036586,20100
8.5e-8,0.000046895,20110
9.8e-8,0.000034787,20120
8.9e-8,0.000034593,20130
9.1e-8,0.000034685,20140
9e-8,0.000034634,20150
1.17e-7,0.000034723,20160
8.5e-8,0.000034698,20170
1e-7,0.0000347,20180
8.9e-8,0.000034822,20190
9.5e-8,0.000034704,20200
9.2e-8,0.000034808,20210
9.9e-8,0.000034802,20220
8.9e-8,0.000034785,20230
9.7e-8,0.000034871,20240
1.13e-7,0.000034868,20250
9e-8,0.000034842,20260
9.1e-8,0.0000349,20270
1.41e-7,0.00003503,20280
1.37e-7,0.000034938,20290
1.07e-7,0.000066688,20300
1.51e-7,0.000038334,20310
8.7e-8,0.000038262,20320
1.07e-7,0.000038232,20330
9.2e-8,0.000038275,20340
2.77e-7,0.000038218,20350
8.3e-8,0.000038216,20360
1.89e-7,0.000038232,20370
1.24e-7,0.000038322,20380
1.21e-7,0.000038271,20390
1.18e-7,0.000038938,20400
1.09e-7,0.000038266,20410
9.7e-8,0.000038291,20420
1.07e-7,0.00003829,20430
8.6e-8,0.000038323,20440
1.38e-7,0.00003853,20450
8.7e-8,0.000038352,20460
1e-7,0.000038311,20470
1.43e-7,0.000038431,20480
1.27e-7,0.000038421,20490
1.01e-7,0.000046018,20500
1.47e-7,0.000035366,20510
1.41e-7,0.000035297,20520
1.01e-7,0.000035291,20530
8.7e-8,0.000035382,20540
1e-7,0.000035409,20550
9.6e-8,0.000035339,20560
1.09e-7,0.000035419,20570
8.8e-8,0.000035372,20580
1.31e-7,0.000035426,20590
9.2e-8,0.00003543,20600
1.11e-7,0.000035553,20610
8.9e-8,0.000035477,20620
9.3e-8,0.000035503,20630
1.06e-7,0.000035473,20640
8.9e-8,0.000035498,20650
8.7e-8,0.000035554,20660
9.8e-8,0.000035626,20670
8.7e-8,0.000035609,20680
1.01e-7,0.000035624,20690
9.2e-8,0.000035673,20700
9.1e-8,0.00003567,20710
9e-8,0.000035646,20720
9.1e-8,0.000035764,20730
1.2e-7,0.000035819,20740
1.02e-7,0.000035814,20750
1.11e-7,0.00003577,20760
8.8e-8,0.000035819,20770
1.01e-7,0.000035862,20780
9e-8,0.000035778,20790
1.14e-7,0.000035883,20800
1.1e-7,0.000035922,20810
9.1e-8,0.000035786,20820
1.67e-7,0.000036003,20830
1e-7,0.000035869,20840
1.19e-7,0.000035969,20850
1.02e-7,0.000035963,20860
1.05e-7,0.000036649,20870
1.15e-7,0.000035858,20880
9.1e-8,0.000035907,20890
1.06e-7,0.000035906,20900
9.5e-8,0.000035971,20910
1.1e-7,0.00003606,20920
9.3e-8,0.000035969,20930
9.3e-8,0.00003595,20940
9.6e-8,0.000036017,20950
8.8e-8,0.000036043,20960
9.6e-8,0.000035984,20970
0.000001514,0.000036182,20980
1.37e-7,0.000036124,20990
1.11e-7,0.000036162,21000
1.35e-7,0.000036109,21010
8.9e-8,0.000036118,21020
9.1e-8,0.000036173,21030
1.2e-7,0.000036241,21040
9.5e-8,0.000036161,21050
1.09e-7,0.000036208,21060
9.2e-8,0.000040946,21070
9.6e-8,0.000036403,21080
1.21e-7,0.000036241,21090
8.8e-8,0.0000363,21100
9.5e-8,0.000036303,21110
1.01e-7,0.000036285,21120
8.7e-8,0.000036334,21130
1.03e-7,0.000036338,21140
1.3e-7,0.000036408,21150
9.2e-8,0.000036352,21160
1.51e-7,0.000036337,21170
1.09e-7,0.000036381,21180
1.18e-7,0.000036435,21190
8.9e-8,0.000036368,21200
9e-8,0.000036649,21210
9.7e-8,0.000036474,21220
1.02e-7,0.000036476,21230
8.8e-8,0.000036495,21240
1e-7,0.000036602,21250
9e-8,0.000036578,21260
1.23e-7,0.000036527,21270
9.3e-8,0.00003661,21280
1.03e-7,0.000036559,21290
1.11e-7,0.000036674,21300
9.2e-8,0.000036633,21310
8.5e-8,0.00003671,21320
1.01e-7,0.000038695,21330
9e-8,0.000037368,21340
1.17e-7,0.000036763,21350
8.7e-8,0.000036672,21360
9.6e-8,0.000036667,21370
1.13e-7,0.000036693,21380
1.19e-7,0.000036855,21390
1.01e-7,0.000036785,21400
1.09e-7,0.000036817,21410
9.7e-8,0.000036798,21420
8.9e-8,0.000036847,21430
1.18e-7,0.000036862,21440
1.06e-7,0.000036816,21450
1.37e-7,0.000036798,21460
9.3e-8,0.000036915,21470
9.3e-8,0.000036952,21480
1.32e-7,0.000036943,21490
1e-7,0.000036898,21500
8.9e-8,0.000037088,21510
9.4e-8,0.000037,21520
1.21e-7,0.000037144,21530
1.08e-7,0.000037026,21540
9.3e-8,0.000037011,21550
1.33e-7,0.000047064,21560
8.6e-8,0.0000372,21570
1.09e-7,0.0000371,21580
8.6e-8,0.000037141,21590
9.6e-8,0.000037135,21600
1.04e-7,0.000037125,21610
1.06e-7,0.000037245,21620
9.9e-8,0.000037302,21630
1e-7,0.000037263,21640
9.7e-8,0.000037208,21650
9.2e-8,0.000037238,21660
9.5e-8,0.000037341,21670
9.6e-8,0.000037351,21680
1.19e-7,0.000037395,21690
9.2e-8,0.000037305,21700
1e-7,0.00004057,21710
9.3e-8,0.000037584,21720
1e-7,0.000037316,21730
9.4e-8,0.000038299,21740
1.01e-7,0.000037367,21750
9.5e-8,0.000037641,21760
9e-8,0.0000374,21770
9.5e-8,0.000037436,21780
8.9e-8,0.000037436,21790
1.08e-7,0.000037427,21800
8.8e-8,0.000037424,21810
9.4e-8,0.000037528,21820
1.01e-7,0.000037639,21830
1.01e-7,0.000037528,21840
1.36e-7,0.000037536,21850
1.02e-7,0.000037588,21860
1.05e-7,0.000037581,21870
9.5e-8,0.000037667,21880
1.02e-7,0.000037565,21890
9.9e-8,0.000037595,21900
9.8e-8,0.000037597,21910
9.7e-8,0.000037636,21920
1.01e-7,0.000037649,21930
1.2e-7,0.000037648,21940
1.15e-7,0.00003781,21950
9.7e-8,0.000037653,21960
9.2e-8,0.00003778,21970
1.04e-7,0.000037866,21980
9.9e-8,0.000037786,21990
1e-7,0.000037783,22000
9.4e-8,0.000037946,22010
9e-8,0.000037858,22020
1.52e-7,0.000037914,22030
1.18e-7,0.000037953,22040
1.23e-7,0.000037857,22050
9.4e-8,0.000037946,22060
8.8e-8,0.000038023,22070
1.15e-7,0.000038072,22080
1.09e-7,0.000037978,22090
1.02e-7,0.000038096,22100
1.01e-7,0.000038046,22110
1.15e-7,0.000038131,22120
8.6e-8,0.000037909,22130
8.5e-8,0.000036977,22140
1.18e-7,0.000036971,22150
8.7e-8,0.000037054,22160
9.3e-8,0.000037104,22170
1.09e-7,0.000037047,22180
9.5e-8,0.000037172,22190
1.04e-7,0.000037152,22200
8.7e-8,0.000037085,22210
8.6e-8,0.000037167,22220
8.3e-8,0.000037135,22230
1.24e-7,0.00003711,22240
9.4e-8,0.000037198,22250
9.6e-8,0.000037165,22260
1.01e-7,0.000037205,22270
8.6e-8,0.000037224,22280
1.23e-7,0.000037267,22290
1.15e-7,0.0000373,22300
1.09e-7,0.000037349,22310
1.02e-7,0.000037366,22320
1.12e-7,0.000037305,22330
8.8e-8,0.000037436,22340
1.11e-7,0.000041947,22350
9.2e-8,0.000037499,22360
1.03e-7,0.000037399,22370
9.9e-8,0.000037371,22380
1.12e-7,0.000037402,22390
9.6e-8,0.000037431,22400
9.1e-8,0.000037391,22410
9.9e-8,0.000037562,22420
1.15e-7,0.00003748,22430
9.3e-8,0.000037557,22440
1.01e-7,0.000037525,22450
9.6e-8,0.000037606,22460
1.02e-7,0.000037567,22470
1.1e-7,0.000037574,22480
1.19e-7,0.000037639,22490
1.02e-7,0.000037535,22500
8.7e-8,0.000037649,22510
8.9e-8,0.000038339,22520
1.31e-7,0.000037659,22530
1.06e-7,0.000037844,22540
1.07e-7,0.000060533,22550
8.6e-8,0.000067509,22560
8.6e-8,0.000037787,22570
9e-8,0.000037734,22580
1.02e-7,0.000037747,22590
1.13e-7,0.000052118,22600
9.3e-8,0.000051757,22610
8.9e-8,0.000042367,22620
1.39e-7,0.000042419,22630
1.26e-7,0.000042374,22640
1.09e-7,0.000042457,22650
1.14e-7,0.000042468,22660
1.18e-7,0.000042407,22670
9.4e-8,0.000042561,22680
9.3e-8,0.000042465,22690
8.5e-8,0.000042562,22700
8.6e-8,0.000042539,22710
1.06e-7,0.000042575,22720
1.02e-7,0.000042654,22730
8.3e-8,0.000042595,22740
1.03e-7,0.000042652,22750
9.9e-8,0.000042672,22760
1.03e-7,0.000042704,22770
1.03e-7,0.000042798,22780
1.44e-7,0.000049641,22790
8.4e-8,0.000038095,22800
9e-8,0.000038208,22810
8.6e-8,0.000038169,22820
1.01e-7,0.000038192,22830
9.5e-8,0.000038319,22840
9.1e-8,0.000038266,22850
8.7e-8,0.00003838,22860
1.13e-7,0.000038245,22870
9.2e-8,0.000038345,22880
8.9e-8,0.000038299,22890
9.4e-8,0.000038368,22900
8.7e-8,0.000039031,22910
1.23e-7,0.00003829,22920
1.08e-7,0.000038326,22930
9.7e-8,0.000038344,22940
8.5e-8,0.000038491,22950
8.6e-8,0.000038322,22960
1.02e-7,0.000038443,22970
8.8e-8,0.000038415,22980
1.1e-7,0.000038404,22990
9.2e-8,0.00003848,23000
1.04e-7,0.000070401,23010
1.45e-7,0.000040765,23020
9.7e-8,0.000049819,23030
1.02e-7,0.000059819,23040
1.18e-7,0.00006083,23050
8.8e-8,0.000043318,23060
9.7e-8,0.000048403,23070
8.9e-8,0.000038638,23080
9.3e-8,0.000038609,23090
1.13e-7,0.000038704,23100
9.2e-8,0.000038569,23110
1.12e-7,0.000038605,23120
1.21e-7,0.000038841,23130
8.8e-8,0.000038616,23140
1.02e-7,0.000038706,23150
1.17e-7,0.000038696,23160
1.15e-7,0.000038724,23170
9.6e-8,0.00003877,23180
1.03e-7,0.000038736,23190
8.8e-8,0.000038796,23200
1.04e-7,0.0000388,23210
1.14e-7,0.000038777,23220
1.14e-7,0.000038805,23230
9.2e-8,0.000038919,23240
9.3e-8,0.000038899,23250
1.1e-7,0.000038886,23260
1.49e-7,0.000086947,23270
9.2e-8,0.000046466,23280
1.04e-7,0.000046415,23290
1.18e-7,0.000047429,23300
2e-7,0.000046571,23310
2.63e-7,0.000046526,23320
0.000012679,0.000046471,23330
0.000001264,0.000046535,23340
1.83e-7,0.000046545,23350
1.69e-7,0.00004657,23360
1.66e-7,0.000046565,23370
1.24e-7,0.000046536,23380
1.15e-7,0.000046839,23390
1.01e-7,0.000046651,23400
2.2e-7,0.000046712,23410
1.23e-7,0.000046692,23420
1.38e-7,0.000046699,23430
1.05e-7,0.000046735,23440
1.18e-7,0.000046749,23450
1.13e-7,0.000046824,23460
2.14e-7,0.0000468,23470
2.2e-7,0.000046736,23480
2.35e-7,0.000046828,23490
2.13e-7,0.000046845,23500
2.17e-7,0.000047023,23510
2.15e-7,0.000046925,23520
2.08e-7,0.000046978,23530
2.07e-7,0.000046977,23540
2.44e-7,0.00004699,23550
2.3e-7,0.000047046,23560
1.87e-7,0.000047068,23570
2.19e-7,0.000047024,23580
2.1e-7,0.00004701,23590
1.97e-7,0.000047222,23600
2.19e-7,0.000047077,23610
2.13e-7,0.000047219,23620
2.05e-7,0.000054102,23630
2.06e-7,0.000047655,23640
1.99e-7,0.000047113,23650
2.12e-7,0.000047254,23660
2.11e-7,0.000047162,23670
2.52e-7,0.000052221,23680
2.02e-7,0.000059761,23690
2.05e-7,0.000058667,23700
2.02e-7,0.000058565,23710
2e-7,0.000058589,23720
2.1e-7,0.000058784,23730
2.28e-7,0.000058662,23740
2.11e-7,0.000058618,23750
2.45e-7,0.000058754,23760
2.09e-7,0.000058716,23770
2.12e-7,0.00005871,23780
2.09e-7,0.000058824,23790
3.37e-7,0.000058891,23800
2.24e-7,0.000058766,23810
2.02e-7,0.000058793,23820
1.98e-7,0.000058808,23830
2e-7,0.000058942,23840
2.55e-7,0.000059136,23850
3.29e-7,0.000058952,23860
2.07e-7,0.000058905,23870
2.29e-7,0.000059059,23880
2.03e-7,0.000058984,23890
2.15e-7,0.000059063,23900
2.21e-7,0.000059281,23910
2.1e-7,0.000059112,23920
2.32e-7,0.000059326,23930
2.11e-7,0.000059216,23940
2.1e-7,0.00005919,23950
2.16e-7,0.000059256,23960
2.06e-7,0.00005935,23970
2.2e-7,0.000059411,23980
2.12e-7,0.0000594,23990
2.27e-7,0.000059405,24000
2.12e-7,0.000059341,24010
2.04e-7,0.000059459,24020
1.99e-7,0.000059411,24030
2.36e-7,0.000059355,24040
2.28e-7,0.000059599,24050
2.16e-7,0.000059521,24060
2.3e-7,0.000059552,24070
2.17e-7,0.000060769,24080
2e-7,0.000059506,24090
2.09e-7,0.000059477,24100
2.09e-7,0.000059642,24110
2.04e-7,0.000059569,24120
2.88e-7,0.000086737,24130
2.21e-7,0.000053402,24140
1.89e-7,0.00005327,24150
2e-7,0.000053241,24160
2.18e-7,0.000053474,24170
2.12e-7,0.000053368,24180
3.25e-7,0.000053519,24190
2.19e-7,0.000053399,24200
2.4e-7,0.00005337,24210
2.12e-7,0.000053456,24220
2.11e-7,0.000053379,24230
2.07e-7,0.000053507,24240
2.33e-7,0.000053609,24250
2.13e-7,0.000053504,24260
1.96e-7,0.000053679,24270
2.17e-7,0.000053642,24280
2.69e-7,0.000053588,24290
2.34e-7,0.000053635,24300
2.14e-7,0.000053718,24310
2.44e-7,0.000053658,24320
2.29e-7,0.000053589,24330
2.14e-7,0.00005378,24340
2.2e-7,0.0000538,24350
2.29e-7,0.000062031,24360
2.4e-7,0.000054371,24370
1.97e-7,0.000067609,24380
2.18e-7,0.000054016,24390
2.27e-7,0.000053881,24400
2.52e-7,0.000054012,24410
2.06e-7,0.000053881,24420
2.02e-7,0.00005389,24430
1.98e-7,0.000053912,24440
2.16e-7,0.000054024,24450
1.82e-7,0.000054038,24460
2.01e-7,0.000054662,24470
1.97e-7,0.0000541,24480
2.07e-7,0.000058398,24490
2.02e-7,0.000054222,24500
2.16e-7,0.000054203,24510
1.99e-7,0.000054049,24520
2.01e-7,0.000054184,24530
2.41e-7,0.000054206,24540
2.23e-7,0.00006277,24550
2.07e-7,0.000049075,24560
2.01e-7,0.000049072,24570
3.21e-7,0.000048962,24580
2.29e-7,0.000049007,24590
2.26e-7,0.000048998,24600
2.45e-7,0.000049072,24610
2.08e-7,0.000049046,24620
2.11e-7,0.00004918,24630
2.1e-7,0.000049235,24640
2e-7,0.000049093,24650
2.06e-7,0.000049423,24660
2.38e-7,0.000049191,24670
2.09e-7,0.00004923,24680
2.01e-7,0.000049411,24690
2.36e-7,0.000049239,24700
2.29e-7,0.000049248,24710
2.3e-7,0.000049277,24720
2.45e-7,0.000049251,24730
2.07e-7,0.000049336,24740
2.11e-7,0.000049321,24750
2.1e-7,0.000049447,24760
1.99e-7,0.000049424,24770
2.12e-7,0.000049448,24780
2.14e-7,0.000049405,24790
2.1e-7,0.000049569,24800
2.18e-7,0.000049477,24810
2.03e-7,0.000049565,24820
2.31e-7,0.000049499,24830
2.42e-7,0.000049553,24840
2.03e-7,0.000049503,24850
2.05e-7,0.000050567,24860
2.25e-7,0.000049534,24870
1.88e-7,0.000049583,24880
1.98e-7,0.000049613,24890
2.62e-7,0.000049695,24900
2.25e-7,0.000054921,24910
1.68e-7,0.000049811,24920
1.73e-7,0.000067534,24930
1.52e-7,0.000045477,24940
1.48e-7,0.000045483,24950
1.54e-7,0.00004548,24960
3.16e-7,0.000045445,24970
1.62e-7,0.000045407,24980
1.73e-7,0.000045391,24990